gene A,gene B,label
CDK4,CHEK2,1
CDK9,SMAD4,1
IGF1,PARP2,1
EGFR,PARP2,1
ATM,PARP2,1
MTOR,PARP2,1
BRCA1,PARP2,1
MDM2,PARP2,1
CETN2,PARP2,1
ERCC1,PARP2,1
CDK4,PARP2,1
BID,PARP2,1
PARP1,PARP2,1
BID,MDM2,1
MAPK12,MDM2,1
IGFBP3,MDM2,1
BRCA1,MDM2,1
CETN2,MDM2,1
CDK6,MDM2,1
ERCC1,MDM2,1
IGHMBP2,MDM2,1
CDK4,MDM2,1
CDK2,MDM2,1
KDR,MDM2,1
EGFR,MDM2,1
ATM,MDM2,1
IGF1,MDM2,1
APC,SMARCB1,1
HDAC6,PIK3CA,1
BRAF,PIK3CA,1
RAD51,RAD9A,1
BID,RAD9A,1
IGF1,RAD9A,1
POLR2A,RAD9A,1
PPM1D,RAD9A,1
CETN2,RAD9A,1
RAD23B,RAD9A,1
BRCA1,RAD9A,1
ATM,RAD9A,1
EGFR,RAD9A,1
PARP2,RAD9A,1
ERCC1,RAD9A,1
MTOR,RAD9A,1
MAPK12,RAD9A,1
KDR,RAD9A,1
IGFBP3,RAD9A,1
CDK2,RAD9A,1
IGHMBP2,RAD9A,1
MDM2,RAD9A,1
POLD4,RAD9A,1
PARP1,RAD9A,1
CDK4,RAD9A,1
CDK6,RAD9A,1
BRCA1,RB1,1
MTOR,RAD23B,1
IGF1,RAD23B,1
ERCC1,RAD23B,1
CDK4,RAD23B,1
POLR2A,RAD23B,1
EGFR,RAD23B,1
ATM,RAD23B,1
KDR,RAD23B,1
CDK2,RAD23B,1
POLD4,RAD23B,1
PPM1D,RAD23B,1
MDM2,RAD23B,1
CDK6,RAD23B,1
CETN2,RAD23B,1
IGFBP3,RAD23B,1
PARP1,RAD23B,1
BRCA1,RAD23B,1
PARP2,RAD23B,1
IGHMBP2,RAD23B,1
BID,RAD23B,1
MAPK12,RAD23B,1
CDK6,FGFR3,1
CETN2,USP1,1
RRM1,USP1,1
CDK2,USP1,1
MTOR,USP1,1
RBX1,USP1,1
IGF1,USP1,1
RAD9A,USP1,1
CDK4,USP1,1
MAPK12,USP1,1
POLD4,USP1,1
CDK6,USP1,1
MDM2,USP1,1
KDR,USP1,1
IGFBP3,USP1,1
POLR2A,USP1,1
RELA,USP1,1
RAD51,USP1,1
ERCC1,USP1,1
PARP2,USP1,1
IGHMBP2,USP1,1
PPM1D,USP1,1
RAD23B,USP1,1
BID,USP1,1
UNG,USP1,1
TNFRSF10B,USP1,1
BRCA1,USP1,1
PARP1,USP1,1
IGF1R,PRKDC,1
CDK4,PRKDC,1
AKT1,PRKDC,1
CDK9,PRKDC,1
CHEK1,PRKDC,1
HDAC2,SMARCA4,1
ATM,CDK2,1
BID,CDK2,1
BRCA1,CDK2,1
MTOR,TOP1,1
BRCA1,TOP1,1
CDK4,TOP1,1
MAP2K1,MAP2K2,1
EGFR,IGF1,1
ATM,IGF1,1
BID,IGF1,1
CDK4,IGF1,1
BRCA1,IGF1,1
CETN2,IGF1,1
ERCC1,IGF1,1
CDK6,IGF1,1
CDK2,IGF1,1
BRCA1,CDK6,1
ATM,CDK6,1
BID,CDK6,1
BRCA1,RBX1,1
POLR2A,RBX1,1
RAD23B,RBX1,1
RAD9A,RBX1,1
POLD4,RBX1,1
CDK4,RBX1,1
PPM1D,RBX1,1
IGHMBP2,RBX1,1
IGF1,RBX1,1
ERCC1,RBX1,1
EGFR,RBX1,1
MTOR,RBX1,1
CETN2,RBX1,1
PARP1,RBX1,1
MDM2,RBX1,1
RAD51,RBX1,1
CDK6,RBX1,1
MAPK12,RBX1,1
BID,RBX1,1
CDK2,RBX1,1
PARP2,RBX1,1
IGFBP3,RBX1,1
KDR,RBX1,1
ATM,RBX1,1
ERBB2,SRC,1
CDK2,IGFBP3,1
ATM,IGFBP3,1
ERCC1,IGFBP3,1
BRCA1,IGFBP3,1
CDK6,IGFBP3,1
EGFR,IGFBP3,1
CDK4,IGFBP3,1
IGF1,IGFBP3,1
BID,IGFBP3,1
CETN2,IGFBP3,1
RAD9A,TNFRSF10B,1
KDR,TNFRSF10B,1
IGFBP3,TNFRSF10B,1
PARP1,TNFRSF10B,1
ATM,TNFRSF10B,1
RELA,TNFRSF10B,1
BRCA1,TNFRSF10B,1
POLD4,TNFRSF10B,1
PARP2,TNFRSF10B,1
PPM1D,TNFRSF10B,1
CDK4,TNFRSF10B,1
IGF1,TNFRSF10B,1
RAD51,TNFRSF10B,1
MDM2,TNFRSF10B,1
ERCC1,TNFRSF10B,1
RBX1,TNFRSF10B,1
POLR2A,TNFRSF10B,1
MAPK12,TNFRSF10B,1
IGHMBP2,TNFRSF10B,1
MTOR,TNFRSF10B,1
EGFR,TNFRSF10B,1
BID,TNFRSF10B,1
RRM1,TNFRSF10B,1
CDK6,TNFRSF10B,1
CETN2,TNFRSF10B,1
CDK2,TNFRSF10B,1
RAD23B,TNFRSF10B,1
MDM2,POLR2A,1
IGHMBP2,POLR2A,1
PARP2,POLR2A,1
BRCA1,POLR2A,1
CDK6,POLR2A,1
PARP1,POLR2A,1
BID,POLR2A,1
KDR,POLR2A,1
IGF1,POLR2A,1
POLD4,POLR2A,1
CDK4,POLR2A,1
ATM,POLR2A,1
MTOR,POLR2A,1
CETN2,POLR2A,1
ERCC1,POLR2A,1
IGFBP3,POLR2A,1
CDK2,POLR2A,1
MAPK12,POLR2A,1
BRAF,HDAC2,1
BRCA1,HDAC2,1
CDK9,PDGFRA,1
SMARCB1,VHL,1
RPS6KB1,VHL,1
CDK6,VHL,1
MAP2K1,VHL,1
APC,VHL,1
VEGFA,VHL,1
CDK4,VHL,1
PIK3R1,VHL,1
PRKDC,VHL,1
FLT3,VHL,1
HDAC2,VHL,1
FGFR3,VHL,1
HSP90AA1,VHL,1
PBRM1,VHL,1
CHEK1,VHL,1
BID,BRCA1,1
ATM,BRCA1,1
HDAC2,MAP2K1,1
RAD23B,UNG,1
CDK4,UNG,1
BID,UNG,1
KDR,UNG,1
POLR2A,UNG,1
RAD51,UNG,1
CDK2,UNG,1
TNFRSF10B,UNG,1
MTOR,UNG,1
RRM1,UNG,1
PARP2,UNG,1
CDK6,UNG,1
RAD9A,UNG,1
IGF1,UNG,1
PARP1,UNG,1
RBX1,UNG,1
CETN2,UNG,1
PPM1D,UNG,1
BRCA1,UNG,1
MDM2,UNG,1
IGHMBP2,UNG,1
RELA,UNG,1
ATM,UNG,1
POLD4,UNG,1
ERCC1,UNG,1
MAPK12,UNG,1
EGFR,UNG,1
POLD4,PPM1D,1
MDM2,PPM1D,1
EGFR,PPM1D,1
CETN2,PPM1D,1
MAPK12,PPM1D,1
BRCA1,PPM1D,1
PARP1,PPM1D,1
KDR,PPM1D,1
MTOR,PPM1D,1
PARP2,PPM1D,1
IGF1,PPM1D,1
IGHMBP2,PPM1D,1
ATM,PPM1D,1
CDK6,PPM1D,1
IGFBP3,PPM1D,1
CDK4,PPM1D,1
POLR2A,PPM1D,1
BID,PPM1D,1
ERCC1,PPM1D,1
CDK2,PPM1D,1
PARP2,POLD4,1
IGF1,POLD4,1
MDM2,POLD4,1
MTOR,POLD4,1
CDK6,POLD4,1
CDK2,POLD4,1
IGFBP3,POLD4,1
ATM,POLD4,1
PARP1,POLD4,1
EGFR,POLD4,1
CDK4,POLD4,1
BID,POLD4,1
KDR,POLD4,1
CETN2,POLD4,1
ERCC1,POLD4,1
BRCA1,POLD4,1
IGHMBP2,POLD4,1
ATM,IGHMBP2,1
ERCC1,IGHMBP2,1
BID,IGHMBP2,1
BRCA1,IGHMBP2,1
IGF1,IGHMBP2,1
CDK2,IGHMBP2,1
IGFBP3,IGHMBP2,1
CDK6,IGHMBP2,1
CETN2,IGHMBP2,1
EGFR,IGHMBP2,1
MTOR,PTEN,1
CDK4,CETN2,1
BRCA1,CETN2,1
BID,CETN2,1
ATM,CETN2,1
CDK2,CETN2,1
CDK6,CETN2,1
BRAF,EGFR,1
BID,EGFR,1
BRCA1,EGFR,1
ATM,EGFR,1
CDK2,EGFR,1
CDK6,EGFR,1
CETN2,EGFR,1
CDK4,EGFR,1
CDK4,ERBB2,1
CDK4,RAD51,1
CDK6,RAD51,1
CDK2,RAD51,1
CETN2,RAD51,1
KDR,RAD51,1
POLR2A,RAD51,1
ATM,RAD51,1
PPM1D,RAD51,1
POLD4,RAD51,1
MTOR,RAD51,1
RAD23B,RAD51,1
PARP1,RAD51,1
IGFBP3,RAD51,1
ERCC1,RAD51,1
BRCA1,RAD51,1
EGFR,RAD51,1
MDM2,RAD51,1
BID,RAD51,1
MAPK12,RAD51,1
IGHMBP2,RAD51,1
PARP2,RAD51,1
IGF1,RAD51,1
CDK6,MAPK12,1
BID,MAPK12,1
KDR,MAPK12,1
BRCA1,MAPK12,1
EGFR,MAPK12,1
IGHMBP2,MAPK12,1
CETN2,MAPK12,1
CDK2,MAPK12,1
ATM,MAPK12,1
ERCC1,MAPK12,1
IGF1,MAPK12,1
CDK4,MAPK12,1
IGFBP3,MAPK12,1
MTOR,PARP1,1
IGF1,PARP1,1
ERCC1,PARP1,1
IGHMBP2,PARP1,1
CETN2,PARP1,1
MAPK12,PARP1,1
MDM2,PARP1,1
CDK2,PARP1,1
IGFBP3,PARP1,1
CDK6,PARP1,1
BID,PARP1,1
IGFBP3,RRM1,1
CDK4,RRM1,1
RAD23B,RRM1,1
BRCA1,RRM1,1
MTOR,RRM1,1
KDR,RRM1,1
RBX1,RRM1,1
MDM2,RRM1,1
CDK2,RRM1,1
POLD4,RRM1,1
ATM,RRM1,1
ERCC1,RRM1,1
IGHMBP2,RRM1,1
MAPK12,RRM1,1
RAD51,RRM1,1
POLR2A,RRM1,1
CETN2,RRM1,1
IGF1,RRM1,1
BID,RRM1,1
RELA,RRM1,1
RAD9A,RRM1,1
PPM1D,RRM1,1
CDK6,RRM1,1
EGFR,RRM1,1
BCL2,CDK4,1
ATM,CDK4,1
BRCA1,CDK4,1
BID,CDK4,1
CHEK1,MET,1
ATM,BID,1
KIT,RPS6KB1,1
ABL1,RPS6KB1,1
BRCA1,KDR,1
IGFBP3,KDR,1
ATM,KDR,1
CDK2,KDR,1
IGHMBP2,KDR,1
IGF1,KDR,1
CETN2,KDR,1
CDK6,KDR,1
ERCC1,KDR,1
CDK4,KDR,1
EGFR,KDR,1
BID,KDR,1
BRCA1,CHEK1,1
IGHMBP2,MTOR,1
IGF1,MTOR,1
ERCC1,MTOR,1
BRCA1,MTOR,1
CDK4,MTOR,1
EGFR,MTOR,1
CDK6,MTOR,1
KDR,MTOR,1
BID,MTOR,1
ATM,MTOR,1
CDK2,MTOR,1
MAPK12,MTOR,1
CETN2,MTOR,1
MDM2,MTOR,1
IGFBP3,MTOR,1
IGHMBP2,RELA,1
KDR,RELA,1
POLR2A,RELA,1
BRCA1,RELA,1
IGFBP3,RELA,1
RAD9A,RELA,1
CDK2,RELA,1
BID,RELA,1
MAPK12,RELA,1
CDK6,RELA,1
RAD23B,RELA,1
ATM,RELA,1
IGF1,RELA,1
RBX1,RELA,1
POLD4,RELA,1
MDM2,RELA,1
CETN2,RELA,1
ERCC1,RELA,1
PARP1,RELA,1
CDK4,RELA,1
PPM1D,RELA,1
PARP2,RELA,1
RAD51,RELA,1
MTOR,RELA,1
EGFR,RELA,1
ATM,ERCC1,1
EGFR,ERCC1,1
BID,ERCC1,1
CDK4,ERCC1,1
BRCA1,ERCC1,1
CETN2,ERCC1,1
CDK6,ERCC1,1
CDK2,ERCC1,1
GAPDH,PDHX,1
GAPDH,PGAM1,1
GAPDH,MDH2,1
GAPDH,TKT,1
GAPDH,TPI1,1
PGD,PGK1,1
ALDOA,TKT,1
LDHA,PDHB,1
GAPDH,PGK1,1
LDHB,ME1,1
PFKL,TKT,1
LDHA,LDHB,1
PGAM1,TKT,1
ENO1,HK1,1
ALDOA,DLD,1
PDHB,TKT,1
G6PD,ME1,1
HK1,TKT,1
GOT1,TKT,1
GAPDH,HK1,1
G6PD,GOT2,1
ME2,TKT,1
G6PD,TKT,1
ENO1,LDHB,1
GAPDH,ME2,1
PGK1,TKT,1
GAPDH,GOT1,1
ENO1,GAPDH,1
PRKDC,RPS6KB1,1
CDK9,FGFR2,1
CDK9,SMARCA4,1
DHFR,HDAC2,1
CHEK2,HDAC2,1
PBRM1,PTEN,1
GATA3,PRKDC,1
AKT1,CDK9,1
HSP90AA1,PRKDC,1
KIT,VHL,1
CDK9,IGF1R,1
HDAC1,PRKDC,1
BRAF,IGF1R,1
BRCA1,MSH6,1
CDK9,SRC,1
CDK9,MSH6,1
KIT,PDGFRA,1
CDK9,PARP1,1
EGFR,KIT,1
ABL1,CDK9,1
MAP3K1,PIK3R1,1
GATA3,PIK3R1,1
CDK9,PIK3CA,1
ALK,PBRM1,1
ADA,CHEK2,1
EGFR,PDGFRA,1
CHEK2,PDGFRA,1
CDK4,CDK9,1
AKT1,TP53,1
ATM,IGF1R,1
CDK9,HDAC2,1
SMARCA4,TOP1,1
IGF1R,SRC,1
MAP3K1,VHL,1
BRCA2,IGF1R,1
TOP1,TYMS,1
CDK9,ERBB2,1
BRAF,VHL,1
PBRM1,TYMS,1
EGFR,RB1,1
CDK4,MAP2K1,1
IGF1R,PARP1,1
FLT3,HDAC2,1
PRKDC,TYMS,1
PIK3CA,SMARCA4,1
ADA,PRKDC,1
BRCA2,TOP1,1
SRC,VHL,1
IGF1R,TOP1,1
JAK2,KIT,1
DHFR,VHL,1
PIK3CA,PRKDC,1
PRKDC,VEGFA,1
HDAC2,HDAC6,1
BRCA1,PRKDC,1
ALK,CDK4,1
CDK9,WEE1,1
EGFR,SMAD4,1
CDK9,MET,1
PRKDC,SMARCA4,1
CDK4,CDKN2A,1
CDK9,HDAC6,1
HDAC6,SRC,1
CDH1,CDK9,1
GATA3,IGF1R,1
BRCA1,FGFR3,1
BRCA1,PTEN,1
ALK,CDK9,1
HDAC2,RPS6KB1,1
PRKDC,SRC,1
IGF1R,PBRM1,1
PBRM1,SMAD4,1
ADA,RPS6KB1,1
HDAC1,IGF1R,1
AKT2,WEE1,1
BCL2L1,MCL1,1
AKT2,BRCA2,1
AKT2,PARP1,1
AKT2,BRCA1,1
BRCA2,MCL1,1
MCL1,WEE1,1
ENO1,GOT2,0
ALDOC,PC,0
LDHB,PDHA1,0
G6PD,PGK1,0
MDH2,PGK1,0
GOT1,PDHB,0
ENO1,ME1,0
PDHA1,PDHB,0
GOT1,LDHB,0
FBP1,TPI1,0
MDH1,PDHA1,0
ALDOC,ME1,0
PCK1,PDHB,0
LDHA,TPI1,0
PDHX,TPI1,0
ME2,PC,0
ALDOA,ME1,0
GOT2,MDH2,0
DLD,TPI1,0
PDHA1,PGD,0
FBP1,MDH2,0
PDHB,PGD,0
ALDOA,PDHB,0
PC,PDHA1,0
MDH1,PGAM1,0
GOT1,PDHA1,0
GOT2,HK1,0
ALDOC,G6PC,0
ALDOA,FBP1,0
ALDOC,MDH2,0
ENO1,MDH2,0
HK1,ME2,0
ALDOC,FBP1,0
GCK,PDHX,0
GCK,GOT1,0
G6PC,PGD,0
G6PC,MDH2,0
GCK,PGAM1,0
HK1,LDHB,0
PC,RPIA,0
MDH2,PGAM1,0
GCK,TKT,0
DLAT,HK1,0
DLAT,ME1,0
DLD,PGAM1,0
LDHB,PGK1,0
DLAT,LDHA,0
ALDOC,G6PD,0
MDH1,TPI1,0
ALDOC,DLAT,0
DLD,PCK1,0
LDHB,TPI1,0
HK1,PGD,0
FBP1,ME2,0
ME1,PGD,0
MDH2,TPI1,0
MDH1,PGK1,0
PC,TKT,0
ALDOC,GAPDH,0
PDHX,PGAM1,0
DLD,LDHB,0
LDHA,MDH2,0
PCK1,TPI1,0
DLAT,GOT2,0
MDH1,ME1,0
G6PC,ME2,0
GOT2,MDH1,0
DLAT,GCK,0
DLAT,TPI1,0
PDHA1,PGK1,0
GAPDH,PGD,0
ALDOC,GOT1,0
ALDOC,RPIA,0
DLAT,PGAM1,0
MDH2,PDHB,0
G6PD,PDHA1,0
MDH1,PDHB,0
PC,PFKL,0
G6PC,GOT2,0
PDHX,PGK1,0
ENO1,PDHA1,0
HK1,PGAM1,0
GCK,GOT2,0
ALDOA,RPIA,0
PGAM1,PGD,0
GOT1,GOT2,0
ME1,PDHA1,0
ALDOC,LDHA,0
G6PD,RPIA,0
HK1,PCK1,0
DLD,MDH2,0
HK1,PDHX,0
ALDOA,HK1,0
LDHB,TKT,0
FBP1,GOT1,0
GOT2,ME1,0
GOT2,RPIA,0
ME1,TKT,0
PCK1,PGD,0
PGK1,RPIA,0
RPIA,TPI1,0
ALDOC,PDHX,0
MDH1,MDH2,0
DLD,ENO1,0
GOT1,RPIA,0
PGAM1,RPIA,0
DLAT,PCK1,0
PDHB,RPIA,0
FBP1,PGK1,0
GOT1,PDHX,0
FBP1,GOT2,0
GCK,PCK1,0
GOT2,LDHB,0
FBP1,RPIA,0
HK1,PFKL,0
GOT1,MDH2,0
MDH1,PDHX,0
PDHB,PFKL,0
DLAT,DLD,0
FBP1,GCK,0
MDH2,PFKL,0
FBP1,G6PD,0
PDHX,PFKL,0
PFKL,PGK1,0
GOT1,LDHA,0
MDH1,PCK1,0
ME2,PCK1,0
LDHA,PDHA1,0
ALDOC,PGD,0
HK1,ME1,0
DLAT,RPIA,0
GCK,PC,0
GOT2,PDHB,0
LDHB,RPIA,0
GOT2,PGD,0
FBP1,PDHA1,0
GOT1,HK1,0
GOT1,ME2,0
G6PD,MDH2,0
DLD,RPIA,0
HK1,PC,0
GOT1,MDH1,0
MDH2,PDHA1,0
LDHB,PCK1,0
MDH2,ME2,0
ME1,RPIA,0
ALDOC,LDHB,0
ME2,PFKL,0
ME2,PGK1,0
FBP1,PDHX,0
DLAT,GOT1,0
ENO1,GCK,0
FBP1,PFKL,0
DLD,HK1,0
PDHB,PDHX,0
DLAT,PC,0
ME2,TPI1,0
ME1,TPI1,0
ME2,PGD,0
GCK,MDH2,0
G6PC,GCK,0
MDH2,PDHX,0
DLD,PGD,0
MDH1,PFKL,0
G6PC,MDH1,0
DLD,FBP1,0
G6PC,G6PD,0
MDH1,ME2,0
FBP1,PDHB,0
LDHA,PGD,0
DLAT,MDH2,0
GOT2,PDHX,0
PDHB,PGK1,0
HK1,MDH1,0
MDH1,PC,0
DLAT,G6PC,0
ME2,RPIA,0
ME1,PFKL,0
PDHX,RPIA,0
PC,PDHX,0
FBP1,LDHB,0
G6PD,PGD,0
G6PC,PDHB,0
PC,PDHB,0
FBP1,LDHA,0
GCK,PGD,0
G6PD,PCK1,0
FBP1,ME1,0
GOT1,ME1,0
MDH2,ME1,0
PDHX,PGD,0
ALDOA,LDHB,0
PDHA1,PDHX,0
GCK,RPIA,0
ALDOC,MDH1,0
FBP1,MDH1,0
ME1,PCK1,0
ALDOA,GCK,0
G6PC,ME1,0
G6PC,PDHX,0
PCK1,PDHX,0
ALDOC,ME2,0
ME1,PC,0
LDHB,PC,0
BRCA2,SMAD4,0
APC,PBRM1,0
EGFR,SRC,0
MET,PDGFRA,0
BCL2,MET,0
CDK4,MSH6,0
CDK4,FLT3,0
BRCA2,CHEK2,0
MTOR,PBRM1,0
FLT3,PARP1,0
FLT3,JAK2,0
RPS6KB1,SMARCB1,0
BTK,MLH1,0
MTOR,TSC1,0
BCL2,SMAD4,0
CDK4,PIK3R1,0
BTK,PIK3R1,0
PTEN,SMARCB1,0
CDH1,SRC,0
MET,SMAD4,0
ALK,BCL2,0
FLT3,RB1,0
ATM,MLH1,0
JAK2,WEE1,0
FGFR3,PRKDC,0
ERBB2,FLT3,0
BRCA1,CHEK2,0
RPS6KB1,VEGFA,0
APC,PARP1,0
ERBB2,MLH1,0
CDK6,JAK2,0
HDAC1,MLH1,0
ATM,PBRM1,0
BRAF,PBRM1,0
BRCA1,MLH1,0
KIT,MTOR,0
BRAF,MAP3K1,0
HDAC2,TP53,0
DHFR,NF1,0
KIT,PIK3R1,0
IGF1R,PIK3CA,0
HDAC6,TOP1,0
SMARCA4,WEE1,0
EGFR,SMARCA4,0
PDGFRA,TYMS,0
PTEN,SMARCA4,0
BCL2,JAK2,0
CDK6,PRKDC,0
ERBB2,PARP1,0
CDK6,CDKN2A,0
FLT3,GATA3,0
AKT1,ERBB2,0
KIT,VEGFA,0
CDKN2A,HDAC2,0
BRAF,TSC1,0
CDH1,GATA3,0
DHFR,SMO,0
ERBB2,SMARCA4,0
GATA3,SMARCA4,0
AKT1,BTK,0
ADA,JAK2,0
PARP1,VHL,0
BRCA2,FGFR2,0
CHEK2,WEE1,0
BRCA2,SRC,0
HSP90AA1,KIT,0
CDKN2A,MLH1,0
FLT3,TOP1,0
MTOR,TYMS,0
CDKN2A,MSH6,0
RB1,RPS6KB1,0
ADA,BCL2,0
PRKDC,RUNX1,0
FLT3,HSP90AA1,0
PTEN,SMO,0
DHFR,HDAC6,0
GATA3,VHL,0
MLH1,SRC,0
PBRM1,SMARCA4,0
CDH1,SMARCB1,0
AKT1,IGF1R,0
BRCA2,CDK9,0
GATA3,KIT,0
HDAC2,MSH6,0
SRC,TSC1,0
CHEK2,ERBB2,0
BRAF,WEE1,0
MLH1,MSH6,0
FGFR3,MTOR,0
AKT1,PTEN,0
AKT1,ATM,0
IGF1R,MAP3K1,0
APC,TP53,0
CHEK2,KIT,0
HDAC1,HSP90AA1,0
CDK6,WEE1,0
CHEK1,DHFR,0
APC,PIK3R1,0
ALK,CDK6,0
FGFR2,PIK3R1,0
BCL2,PRKDC,0
GATA3,PTEN,0
NF1,PARP1,0
IGF1R,PDGFRA,0
ADA,SMARCA4,0
PRKDC,PTEN,0
RUNX1,SMAD4,0
IGF1R,SMARCB1,0
KIT,SMARCA4,0
FLT3,SMAD4,0
FGFR3,RPS6KB1,0
ATM,BTK,0
GATA3,MET,0
DHFR,EGFR,0
PDGFRA,PTEN,0
MET,MTOR,0
BRCA2,CDK6,0
PTEN,VEGFA,0
MAP2K1,RB1,0
CDH1,NF1,0
AKT1,HDAC6,0
ATM,MSH6,0
ALK,NF1,0
CDKN2A,MET,0
AKT1,CDH1,0
RB1,TP53,0
AKT1,ALK,0
FLT3,SRC,0
FGFR2,PDGFRA,0
BTK,HSP90AA1,0
ALK,SMARCA4,0
FGFR3,PTEN,0
TOP1,VHL,0
FGFR3,SMARCB1,0
FGFR2,MSH6,0
HSP90AA1,TSC1,0
MAP3K1,MTOR,0
ADA,EGFR,0
HDAC6,MSH6,0
HSP90AA1,VEGFA,0
KIT,MAP2K1,0
ERBB2,WEE1,0
ERBB2,NF1,0
HDAC1,MTOR,0
ALK,MSH6,0
BCL2,RUNX1,0
CHEK2,VEGFA,0
GATA3,TSC1,0
BCL2,PDGFRA,0
ERBB2,RUNX1,0
MET,RB1,0
CDH1,MAP2K1,0
ATM,GATA3,0
FGFR3,PARP1,0
MSH6,PBRM1,0
BRCA1,PDGFRA,0
DHFR,MET,0
ADA,FGFR3,0
GATA3,SMARCB1,0
BRCA2,BTK,0
MSH6,RB1,0
HSP90AA1,MAP3K1,0
ALK,RPS6KB1,0
RB1,WEE1,0
CDK4,MAP3K1,0
ADA,MTOR,0
CHEK2,IGF1R,0
ATM,TSC1,0
CDH1,PBRM1,0
SMARCB1,TSC1,0
BRCA1,GATA3,0
ERBB2,PDGFRA,0
CHEK1,SMAD4,0
APC,TOP1,0
PIK3CA,RPS6KB1,0
CDK4,PIK3CA,0
CDH1,MET,0
AKT1,SMARCA4,0
HDAC1,PIK3R1,0
SMO,TYMS,0
CDK6,GATA3,0
HDAC1,TYMS,0
FGFR2,JAK2,0
EGFR,PARP1,0
HDAC1,TSC1,0
FGFR2,WEE1,0
GATA3,MSH6,0
JAK2,NF1,0
CHEK2,MLH1,0
FGFR3,FLT3,0
CDH1,PIK3R1,0
HDAC6,PDGFRA,0
RB1,SMARCB1,0
RPS6KB1,SMAD4,0
ATM,CDH1,0
CHEK2,PRKDC,0
ATM,FLT3,0
DHFR,MSH6,0
CDK4,MLH1,0
HDAC6,RUNX1,0
ABL1,ERBB2,0
RUNX1,TSC1,0
HSP90AA1,PBRM1,0
TYMS,WEE1,0
RPS6KB1,TSC1,0
KIT,TYMS,0
FGFR3,MSH6,0
HSP90AA1,NF1,0
CDH1,PTEN,0
GATA3,JAK2,0
BCL2,MLH1,0
BTK,PARP1,0
FGFR2,VHL,0
MAP2K1,TSC1,0
PIK3R1,SMAD4,0
DHFR,SMARCB1,0
ADA,HSP90AA1,0
CDKN2A,NF1,0
BRCA1,CDH1,0
ABL1,BRAF,0
RUNX1,SMARCB1,0
BRAF,MAP2K1,0
PIK3R1,VEGFA,0
ALK,KIT,0
MAP2K1,PDGFRA,0
CDKN2A,CHEK2,0
ERBB2,VEGFA,0
PARP1,PDGFRA,0
DHFR,PTEN,0
FLT3,MTOR,0
GATA3,SMAD4,0
NF1,TYMS,0
ADA,RUNX1,0
HSP90AA1,MLH1,0
FGFR2,FLT3,0
HSP90AA1,RUNX1,0
CHEK2,TOP1,0
RUNX1,WEE1,0
BRAF,PTEN,0
APC,SMO,0
TOP1,TSC1,0
HDAC6,PRKDC,0
MET,TSC1,0
CDKN2A,SRC,0
CDKN2A,DHFR,0
CHEK1,JAK2,0
JAK2,TYMS,0
FGFR3,MET,0
HDAC1,RUNX1,0
PDGFRA,VEGFA,0
CDK4,HDAC1,0
FGFR2,SMARCA4,0
MAP3K1,PIK3CA,0
PBRM1,SMO,0
CHEK2,SRC,0
CDK6,CHEK1,0
ADA,BRCA2,0
BTK,ERBB2,0
AKT1,JAK2,0
ERBB2,PIK3CA,0
ABL1,CDK4,0
IGF1R,MTOR,0
MSH6,SMAD4,0
ATM,PRKDC,0
NF1,PIK3CA,0
FGFR3,RB1,0
AKT1,KIT,0
PARP1,PTEN,0
IGF1R,WEE1,0
BRAF,CDKN2A,0
SMAD4,TSC1,0
JAK2,MSH6,0
FGFR2,IGF1R,0
ABL1,PTEN,0
BTK,DHFR,0
HDAC2,RUNX1,0
PIK3CA,PIK3R1,0
RB1,VEGFA,0
PIK3R1,SMO,0
APC,SMARCA4,0
AKT1,GATA3,0
TYMS,VHL,0
BRCA2,JAK2,0
ADA,TSC1,0
HDAC2,PDGFRA,0
ABL1,NF1,0
MLH1,TSC1,0
ADA,VEGFA,0
NF1,PTEN,0
FGFR2,SMO,0
FGFR3,IGF1R,0
APC,BTK,0
SMARCB1,TYMS,0
MET,SMO,0
ADA,BRCA1,0
MET,PIK3CA,0
AKT1,PDGFRA,0
JAK2,SMARCB1,0
PARP1,SRC,0
MTOR,SRC,0
BCL2,DHFR,0
ABL1,SMAD4,0
CDK6,TOP1,0
ATM,DHFR,0
ABL1,CDKN2A,0
ABL1,SRC,0
CDKN2A,GATA3,0
DHFR,MAP3K1,0
BRAF,DHFR,0
BRAF,ERBB2,0
ALK,CDKN2A,0
AKT1,HDAC2,0
ADA,SMO,0
ADA,CDK4,0
FGFR2,GATA3,0
CDK6,PTEN,0
ATM,SMARCB1,0
PDGFRA,SMAD4,0
CDK4,CDK6,0
AKT1,RPS6KB1,0
FLT3,HDAC6,0
BTK,VHL,0
MAP2K1,SMARCB1,0
ADA,SMARCB1,0
CHEK2,DHFR,0
CDK4,CHEK1,0
BRAF,KIT,0
CDKN2A,SMARCA4,0
HDAC1,PBRM1,0
HSP90AA1,PIK3CA,0
FGFR2,HDAC6,0
CDK4,SMO,0
MLH1,TOP1,0
PRKDC,TOP1,0
EGFR,GATA3,0
ABL1,MET,0
ADA,ERBB2,0
FGFR3,JAK2,0
CDK6,ERBB2,0
ATM,NF1,0
TSC1,WEE1,0
FGFR3,VEGFA,0
BCL2,GATA3,0
ERBB2,FGFR2,0
CHEK2,SMO,0
BTK,FGFR3,0
DHFR,WEE1,0
ATM,HSP90AA1,0
CDK6,SMARCA4,0
ALK,CHEK1,0
HDAC6,MTOR,0
HSP90AA1,MET,0
ALK,MLH1,0
MLH1,WEE1,0
BTK,HDAC6,0
PARP1,TSC1,0
ATM,PARP1,0
DHFR,RB1,0
BRAF,CDH1,0
NF1,VEGFA,0
CHEK1,MAP3K1,0
FGFR3,SMO,0
MLH1,PTEN,0
AKT1,CDK4,0
CDH1,KIT,0
CDKN2A,CHEK1,0
ALK,EGFR,0
CDKN2A,TYMS,0
BCL2,PIK3CA,0
PARP1,SMARCB1,0
MAP2K1,TOP1,0
PBRM1,PIK3CA,0
FLT3,TYMS,0
PIK3CA,SMAD4,0
AKT1,TOP1,0
BTK,PBRM1,0
DHFR,SMARCA4,0
FGFR3,MLH1,0
SMAD4,SMARCA4,0
CDK4,HSP90AA1,0
GATA3,PIK3CA,0
FGFR2,MLH1,0
ADA,GATA3,0
BRAF,NF1,0
BRCA1,JAK2,0
PDGFRA,RPS6KB1,0
SMARCA4,TSC1,0
BRCA2,RUNX1,0
FGFR2,PBRM1,0
EGFR,HSP90AA1,0
MTOR,VEGFA,0
PIK3R1,RPS6KB1,0
APC,WEE1,0
ABL1,PARP1,0
BCL2,NF1,0
ATM,FGFR2,0
ERBB2,RB1,0
CDKN2A,WEE1,0
BRAF,MET,0
HDAC6,PBRM1,0
EGFR,JAK2,0
CHEK1,ERBB2,0
FGFR2,FGFR3,0
BTK,CDK4,0
MAP3K1,PTEN,0
BTK,PIK3CA,0
ALK,WEE1,0
PIK3R1,PTEN,0
SMAD4,WEE1,0
FGFR3,PIK3CA,0
CDK6,MAP2K1,0
CHEK2,SMARCA4,0
APC,MAP2K1,0
KIT,PARP1,0
FGFR3,KIT,0
FGFR2,TOP1,0
FGFR3,NF1,0
ABL1,APC,0
BCL2,BTK,0
CDK4,FGFR3,0
BRCA1,VHL,0
CDKN2A,ERBB2,0
CDK6,PBRM1,0
CHEK1,RUNX1,0
MET,TYMS,0
PIK3R1,RUNX1,0
FGFR2,SMARCB1,0
ALK,MET,0
CHEK1,RPS6KB1,0
APC,SMAD4,0
CHEK2,MET,0
BRAF,CHEK2,0
HDAC1,PIK3CA,0
BRAF,CDK4,0
HDAC1,SMAD4,0
CDK9,TOP1,0
CDK6,SMO,0
HDAC2,MTOR,0
RUNX1,TYMS,0
ABL1,CHEK2,0
MAP3K1,MSH6,0
BTK,MSH6,0
BCL2,SRC,0
APC,CDKN2A,0
ADA,MSH6,0
CHEK1,FLT3,0
BRCA2,CDH1,0
CHEK1,HDAC6,0
BTK,CDK6,0
CDK6,TYMS,0
CDH1,TP53,0
TYMS,VEGFA,0
MLH1,PIK3CA,0
RB1,RUNX1,0
APC,EGFR,0
GATA3,PBRM1,0
MLH1,PDGFRA,0
ADA,NF1,0
MET,PTEN,0
CDK6,HDAC6,0
FGFR2,RPS6KB1,0
ATM,WEE1,0
BRAF,TYMS,0
ABL1,TSC1,0
APC,MLH1,0
EGFR,MET,0
CDK4,SMARCB1,0
CDK6,HDAC2,0
ADA,HDAC6,0
PTEN,RB1,0
DHFR,PRKDC,0
ABL1,PDGFRA,0
PIK3CA,VHL,0
JAK2,PIK3CA,0
CDKN2A,KIT,0
MET,WEE1,0
ABL1,FGFR2,0
APC,CDK6,0
HDAC6,SMARCB1,0
GATA3,WEE1,0
BRAF,FGFR3,0
CHEK2,MTOR,0
ABL1,RUNX1,0
BRCA2,VEGFA,0
HDAC2,WEE1,0
CDK6,FLT3,0
HDAC1,VEGFA,0
TSC1,TYMS,0
APC,SRC,0
ADA,PIK3R1,0
EGFR,MLH1,0
BRCA2,TSC1,0
CHEK2,FLT3,0
BCL2,RB1,0
APC,DHFR,0
PIK3R1,SMARCA4,0
CDK4,TSC1,0
PTEN,TSC1,0
ATM,CHEK2,0
GATA3,RUNX1,0
BRCA2,MTOR,0
HDAC6,PTEN,0
DHFR,ERBB2,0
ATM,PIK3R1,0
FGFR3,TYMS,0
PARP1,RUNX1,0
HDAC1,VHL,0
HDAC6,PIK3R1,0
CDH1,PIK3CA,0
ERBB2,MTOR,0
CDKN2A,HSP90AA1,0
APC,FGFR3,0
CDH1,SMAD4,0
CDH1,TSC1,0
CDK6,TSC1,0
ERBB2,MAP3K1,0
BTK,FLT3,0
PIK3R1,TOP1,0
ABL1,HDAC6,0
CDH1,WEE1,0
ERBB2,HDAC1,0
MLH1,SMAD4,0
CDH1,FGFR3,0
CHEK2,HDAC6,0
APC,CDK4,0
ERBB2,MAP2K1,0
ALK,SMARCB1,0
ADA,DHFR,0
ALK,DHFR,0
ABL1,TYMS,0
ADA,PTEN,0
FGFR3,HDAC1,0
HDAC2,VEGFA,0
BCL2,TOP1,0
BRAF,HSP90AA1,0
BTK,CHEK1,0
BRAF,MLH1,0
BRCA2,FLT3,0
MTOR,VHL,0
BCL2,FLT3,0
PDGFRA,PIK3R1,0
ATM,RB1,0
CHEK1,HDAC2,0
APC,GATA3,0
BCL2,KIT,0
ERBB2,MET,0
CHEK1,FGFR3,0
ALK,JAK2,0
BTK,RUNX1,0
KIT,MET,0
JAK2,SMAD4,0
ALK,VEGFA,0
AKT1,SMAD4,0
ABL1,CDH1,0
MAP2K1,VEGFA,0
IGF1R,VHL,0
MLH1,PARP1,0
CDH1,DHFR,0
JAK2,RUNX1,0
ADA,MAP2K1,0
ADA,CDKN2A,0
CDKN2A,PIK3CA,0
BCL2,PBRM1,0
JAK2,SMARCA4,0
MAP2K1,MSH6,0
ABL1,VEGFA,0
ABL1,FGFR3,0
ABL1,MSH6,0
BCL2,ERBB2,0
AKT1,NF1,0
BTK,EGFR,0
FGFR2,PTEN,0
EGFR,HDAC6,0
ATM,CHEK1,0
BTK,NF1,0
RB1,SMAD4,0
MAP3K1,SRC,0
ABL1,BRCA1,0
ABL1,PIK3CA,0
CHEK2,GATA3,0
BCL2,HDAC1,0
BCL2,FGFR3,0
CDK4,VEGFA,0
BCL2,FGFR2,0
ATM,PTEN,0
CDH1,HDAC6,0
HDAC6,MAP3K1,0
MET,PRKDC,0
GATA3,SMO,0
FGFR3,HSP90AA1,0
BRCA2,MET,0
ALK,APC,0
FGFR3,MAP2K1,0
PIK3CA,SMO,0
FGFR3,PBRM1,0
CHEK2,PIK3CA,0
AKT1,VEGFA,0
FGFR3,SMAD4,0
MAP2K1,TYMS,0
FGFR3,PDGFRA,0
MSH6,MTOR,0
HSP90AA1,MSH6,0
APC,RB1,0
PDGFRA,TSC1,0
BRCA1,RUNX1,0
HDAC6,MLH1,0
EGFR,RUNX1,0
CDK6,NF1,0
CDH1,TYMS,0
RB1,SRC,0
MLH1,RB1,0
ADA,KIT,0
BTK,CDKN2A,0
MAP2K1,RPS6KB1,0
KIT,WEE1,0
CDH1,MTOR,0
AKT1,APC,0
ATM,CDKN2A,0
BRAF,SMARCB1,0
APC,RUNX1,0
MAP2K1,SRC,0
CDK6,FGFR2,0
ERBB2,SMO,0
GATA3,MAP3K1,0
CDH1,FGFR2,0
BTK,MET,0
MAP2K1,SMAD4,0
FLT3,PDGFRA,0
BRCA2,PDGFRA,0
MSH6,RUNX1,0
HDAC1,MAP2K1,0
SMAD4,SMARCB1,0
DHFR,RUNX1,0
TP53,VEGFA,0
BCL2,PIK3R1,0
MSH6,SMO,0
ABL1,ATM,0
BRCA2,PTEN,0
PBRM1,RB1,0
MET,TP53,0
MAP2K1,PIK3CA,0
CDKN2A,FGFR2,0
HDAC1,TOP1,0
BCL2,SMO,0
BTK,WEE1,0
PIK3CA,VEGFA,0
KIT,RUNX1,0
BCL2,VEGFA,0
HDAC1,PTEN,0
ATM,BCL2,0
MTOR,NF1,0
MSH6,PTEN,0
HSP90AA1,MTOR,0
HDAC1,RB1,0
PDGFRA,TOP1,0
CHEK1,TOP1,0
MLH1,TYMS,0
MTOR,PIK3R1,0
APC,NF1,0
APC,ERBB2,0
TOP1,TP53,0
NF1,RUNX1,0
ADA,AKT1,0
JAK2,VEGFA,0
CHEK2,PBRM1,0
APC,PIK3CA,0
FGFR3,RUNX1,0
VHL,WEE1,0
ALK,FLT3,0
CDKN2A,PBRM1,0
FLT3,SMARCB1,0
BTK,SMARCA4,0
CDH1,EGFR,0
AKT1,CDK6,0
ABL1,SMARCB1,0
CDKN2A,RUNX1,0
CDK6,MET,0
CHEK2,FGFR2,0
CHEK1,TP53,0
RUNX1,SRC,0
BTK,SRC,0
HDAC1,SRC,0
GATA3,MAP2K1,0
APC,MSH6,0
ADA,PIK3CA,0
PARP1,RB1,0
BTK,FGFR2,0
HDAC1,KIT,0
BTK,KIT,0
EGFR,WEE1,0
MLH1,RUNX1,0
PDGFRA,WEE1,0
ADA,PBRM1,0
FGFR2,RUNX1,0
ABL1,ALK,0
ALK,TSC1,0
MLH1,VHL,0
ADA,TYMS,0
CHEK1,PDGFRA,0
BCL2,MSH6,0
PIK3CA,RB1,0
ADA,APC,0
SMO,TSC1,0
CDK6,PIK3R1,0
JAK2,TP53,0
APC,FLT3,0
BCL2,SMARCA4,0
ALK,MAP2K1,0
CDK6,DHFR,0
GATA3,MLH1,0
BTK,SMO,0
DHFR,MAP2K1,0
BTK,HDAC2,0
PIK3CA,TSC1,0
FLT3,WEE1,0
ATM,JAK2,0
PBRM1,VEGFA,0
CDK6,KIT,0
BRAF,MTOR,0
BRAF,HDAC6,0
ATM,TP53,0
BCL2,TYMS,0
MLH1,NF1,0
ABL1,DHFR,0
AKT1,PIK3CA,0
MLH1,VEGFA,0
MLH1,PBRM1,0
CDK6,HDAC1,0
DHFR,FLT3,0
ADA,CDK6,0
ADA,SMAD4,0
KIT,TP53,0
RB1,TYMS,0
ATM,VEGFA,0
VEGFA,WEE1,0
ABL1,WEE1,0
SMARCA4,TP53,0
ABL1,MAP3K1,0
ABL1,GATA3,0
ERBB2,KIT,0
EGFR,VHL,0
BRAF,TP53,0
CDK6,SMAD4,0
BRAF,PDGFRA,0
HSP90AA1,PDGFRA,0
CHEK2,FGFR3,0
APC,KIT,0
ABL1,CHEK1,0
AKT1,MSH6,0
EGFR,TOP1,0
AKT1,HDAC1,0
EGFR,PBRM1,0
ADA,RB1,0
EGFR,PTEN,0
JAK2,RPS6KB1,0
PIK3R1,TSC1,0
BTK,TSC1,0
MSH6,VEGFA,0
GATA3,RB1,0
EGFR,FLT3,0
CDKN2A,PDGFRA,0
CHEK2,PARP1,0
MAP3K1,TSC1,0
CDK4,RB1,0
CDK6,VEGFA,0
MSH6,TSC1,0
CDK6,PDGFRA,0
EGFR,PIK3R1,0
PBRM1,TP53,0
NF1,TP53,0
BRAF,CDK6,0
CHEK2,TSC1,0
AKT1,TSC1,0
PDGFRA,PIK3CA,0
ABL1,RB1,0
ATM,MAP2K1,0
PARP1,VEGFA,0
MAP2K1,NF1,0
CDKN2A,VEGFA,0
MTOR,PDGFRA,0
CDKN2A,RB1,0
CHEK2,RB1,0
DHFR,TSC1,0
CDK6,RB1,0
BTK,MAP2K1,0
ATM,PDGFRA,0
MSH6,PDGFRA,0
MAP2K1,RUNX1,0
FGFR2,VEGFA,0
CDH1,PDGFRA,0
BCL2,TSC1,0
ERBB2,TSC1,0
APC,TSC1,0
KIT,TSC1,0
SMARCB1,TP53,0
FGFR3,TP53,0
HDAC6,TP53,0
ALK,TP53,0
TP53,TSC1,0
PARP1,TP53,0
PIK3R1,TP53,0
HDAC1,TP53,0
SRC,TP53,0
ERBB2,TP53,0
BRCA2,TP53,0
SMAD4,TP53,0
HSP90AA1,TP53,0
BTK,TP53,0
CDK4,TP53,0
RPS6KB1,TP53,0
CDK6,TP53,0
MAP3K1,TP53,0
MTOR,TP53,0
MAP2K1,TP53,0
FGFR2,TP53,0
BRCA1,TP53,0
FLT3,TP53,0
SMO,TP53,0
GATA3,TP53,0
RUNX1,TP53,0
CHEK2,TP53,0
EGFR,TP53,0
TP53,WEE1,0
CDKN2A,TP53,0
TP53,VHL,0
TP53,TYMS,0
PTEN,TP53,0
PRKDC,TP53,0
PIK3CA,TP53,0
ADA,TP53,0
MSH6,TP53,0
PDGFRA,TP53,0
DHFR,TP53,0
MLH1,TP53,0
BCL2,TP53,0
ABL1,TP53,0
BCL2A1,MCL1,0
BRCA1,IMPDH1,0
BCL2A1,MTOR,0
AKT3,MTOR,0
MTOR,UBB,0
MAPK1,UBB,0
BRCA1,UBB,0
IMPDH1,MCL1,0
MAP2K2,MCL1,0
MAP2K2,MTOR,0
MTOR,UBC,0
BCL2,MAPK1,0
AKT3,BCL2,0
BCL2L1,MTOR,0
MCL1,MTOR,0
CHEK2,MAP2K2,0
CHEK2,IMPDH1,0
CHEK2,UBB,0
AKT2,CHEK2,0
CHEK2,MAPK1,0
CHEK2,PARP2,0
AKT2,MTOR,0
BCL2L2,CHEK2,0
BCL2L1,CHEK2,0
AKT3,CHEK2,0
CHEK2,MCL1,0
CHEK2,UBC,0
BCL2A1,CHEK2,0
AKT1,CHEK2,0
BRCA1,BTK,0
PTEN,SMAD4,0
MSH6,TOP1,0
MET,TOP1,0
FBP1,HK1,0
ADA,HDAC2,0
CDKN2A,PTEN,0
APC,PTEN,0
CDK9,PTEN,0
EGFR,FGFR2,0
MSH6,PARP1,0
